{
  "project_info": {
    "project_number": "751734701567",
    "firebase_url": "https://quoter-master-default-rtdb.firebaseio.com",
    "project_id": "quoter-master",
    "storage_bucket": "quoter-master.appspot.com"
  },
  "client": [
    {
      "client_info": {
        "mobilesdk_app_id": "1:751734701567:android:7cdb6577cce67be4fa3bca",
        "android_client_info": {
          "package_name": "com.example.myapplication"
        }
      },
      "oauth_client": [
        {
          "client_id": "751734701567-qif3s73p7ci236kvja47v439pocus143.apps.googleusercontent.com",
          "client_type": 3
        }
      ],
      "api_key": [
        {
          "current_key": "AIzaSyCgfL8R-tM5bVHc6CYi08Lvr_jK2iCzsEw"
        }
      ],
      "services": {
        "appinvite_service": {
          "other_platform_oauth_client": [
            {
              "client_id": "751734701567-qif3s73p7ci236kvja47v439pocus143.apps.googleusercontent.com",
              "client_type": 3
            }
          ]
        }
      }
    },
    {
      "client_info": {
        "mobilesdk_app_id": "1:751734701567:android:39e95d8469cb0635fa3bca",
        "android_client_info": {
          "package_name": "com.example.spdiary"
        }
      },
      "oauth_client": [
        {
          "client_id": "751734701567-qif3s73p7ci236kvja47v439pocus143.apps.googleusercontent.com",
          "client_type": 3
        }
      ],
      "api_key": [
        {
          "current_key": "AIzaSyCgfL8R-tM5bVHc6CYi08Lvr_jK2iCzsEw"
        }
      ],
      "services": {
        "appinvite_service": {
          "other_platform_oauth_client": [
            {
              "client_id": "751734701567-qif3s73p7ci236kvja47v439pocus143.apps.googleusercontent.com",
              "client_type": 3
            }
          ]
        }
      }
    }
  ],
  "configuration_version": "1"
}